{
  "$schema": "./node_modules/@angular/cli/lib/config/schema.json",
  "project": {
    "name": "genesis"
  },
  "apps": [{
    "root": "src",
    "outDir": "dist",
    "assets": [
      "assets",
      "favicon.ico"
    ],
    "index": "index.html",
    "main": "main.ts",
    "polyfills": "polyfills.ts",
    "test": "test.ts",
    "tsconfig": "tsconfig.app.json",
    "testTsconfig": "tsconfig.spec.json",
    "prefix": "app",
    "styles": [
      "styles.scss",
      "../node_modules/clarity-icons/clarity-icons.min.css",
      "../node_modules/clarity-ui/clarity-ui.min.css"
    ],
    "scripts": [
      "../node_modules/clarity-icons/clarity-icons.min.js",
      "../node_modules/clarity-icons/clarity-icons-lite.min.js",
      "../node_modules/clarity-icons/shapes/social-shapes.min.js",
      "../node_modules/clarity-icons/shapes/travel-shapes.min.js",
      "../node_modules/@webcomponents/custom-elements/custom-elements.min.js"
    ],
    "environmentSource": "environments/environment.ts",
    "environments": {
      "dev": "environments/environment.ts",
      "prod": "environments/environment.prod.ts"
    }
  }],
  "e2e": {
    "protractor": {
      "config": "./protractor.conf.js"
    }
  },
  "lint": [{
      "project": "src/tsconfig.app.json"
    },
    {
      "project": "src/tsconfig.spec.json"
    },
    {
      "project": "e2e/tsconfig.e2e.json"
    }
  ],
  "test": {
    "karma": {
      "config": "./karma.conf.js"
    }
  },
  "defaults": {
    "styleExt": "scss",
    "component": {
      "spec": false
    },
    "directive": {
      "spec": false
    },
    "guard": {
      "spec": false
    },
    "pipe": {
      "spec": false
    },
    "service": {
      "spec": false
    }
  }
}
